Название,URL
La Nueva España - Asturias Exterior,https://www.lne.es/rss/section/1992094/
La Nueva España - Asturias,https://www.lne.es/rss/section/3024/
La Nueva España - Club LA NUEVA ESPAÑA,https://www.lne.es/rss/section/2013931/
La Nueva España - Centro,https://www.lne.es/rss/section/3033/
La Nueva España - Siero,https://www.lne.es/rss/section/1566098/
La Nueva España - Llanera,https://www.lne.es/rss/section/1687404/
La Nueva España - Villaviciosa,https://www.lne.es/rss/section/1759213/
La Nueva España - Cangas del Narcea,https://www.lne.es/rss/section/2096409/
La Nueva España - Ribera de Arriba,https://www.lne.es/rss/section/1968524/
La Nueva España - Grado,https://www.lne.es/rss/section/1928049/
La Nueva España - Salas,https://www.lne.es/rss/section/1937740/
La Nueva España - Asturias rural,https://www.lne.es/rss/section/1516566/
La Nueva España - Oviedo,https://www.lne.es/rss/section/3013/
La Nueva España - La Corredoria,https://www.lne.es/rss/section/1990044/
La Nueva España - Real Oviedo,https://www.lne.es/rss/section/3040/
La Nueva España - Oviedo Opinión,https://www.lne.es/rss/section/3267/
La Nueva España - Gijón,https://www.lne.es/rss/section/3017/
La Nueva España - Gijón Oeste,https://www.lne.es/rss/section/2062854/
La Nueva España - Gijón Opinión,https://www.lne.es/rss/section/3268/
La Nueva España - 30 Aniversario de LA NUEVA ESPAÑA de Gijón,https://www.lne.es/rss/section/1945233/
La Nueva España - Sporting de Gijón,https://www.lne.es/rss/section/3041/
La Nueva España - Avilés y comarca,https://www.lne.es/rss/section/3018/
La Nueva España - Avilés Opinión,https://www.lne.es/rss/section/3271/
La Nueva España - Castrillón,https://www.lne.es/rss/geo/10009/
La Nueva España - Gozón,https://www.lne.es/rss/geo/10011/
La Nueva España - Soto del Barco,https://www.lne.es/rss/geo/10013/
La Nueva España - Corvera de Asturias,https://www.lne.es/rss/geo/10010/
La Nueva España - Illas,https://www.lne.es/rss/geo/10012/
La Nueva España - Cuencas,https://www.lne.es/rss/section/3020/
La Nueva España - Las Cuencas Opinión,https://www.lne.es/rss/section/3269/
La Nueva España - Langreo,https://www.lne.es/rss/geo/10036/
La Nueva España - Mieres,https://www.lne.es/rss/geo/10039/
La Nueva España - San Martín del Rey Aurelio,https://www.lne.es/rss/geo/10042/
La Nueva España - Laviana,https://www.lne.es/rss/geo/10037/
La Nueva España - Lena,https://www.lne.es/rss/geo/10038/
La Nueva España - Aller,https://www.lne.es/rss/geo/10034/
La Nueva España - Oriente,https://www.lne.es/rss/section/3022/
La Nueva España - Oriente Opinión,https://www.lne.es/rss/section/3274/
La Nueva España - Llanes,https://www.lne.es/rss/geo/10077/
La Nueva España - Piloña,https://www.lne.es/rss/geo/10082/
La Nueva España - Cangas de Onís,https://www.lne.es/rss/geo/10074/
La Nueva España - ribadesella,https://www.lne.es/rss/geo/10085/
La Nueva España - Parres,https://www.lne.es/rss/geo/10079/
La Nueva España - Occidente,https://www.lne.es/rss/section/3023/
La Nueva España - Occidente Opinión,https://www.lne.es/rss/section/3275/
La Nueva España - Valdés,https://www.lne.es/rss/geo/10067/
La Nueva España - Tineo,https://www.lne.es/rss/geo/10066/
La Nueva España - Navia,https://www.lne.es/rss/geo/10057/
La Nueva España - cudillero,https://www.lne.es/rss/geo/10051/
La Nueva España - Opinión,https://www.lne.es/rss/section/3000/
La Nueva España - Pedro de Silva,https://www.lne.es/rss/author/3595/
La Nueva España - Javier Cuervo,https://www.lne.es/rss/author/3577/
La Nueva España - Francisco García,https://www.lne.es/rss/author/3575/
La Nueva España - Xuan Xosé Sánchez Vicente,https://www.lne.es/rss/author/3598/
La Nueva España - Maxi Rodríguez,https://www.lne.es/rss/author/3597/
La Nueva España - Sucesos,https://www.lne.es/rss/section/3029/
La Nueva España - Tribunales,https://www.lne.es/rss/section/1612219/
La Nueva España - Investigación,https://www.lne.es/rss/section/1612170/
La Nueva España - Violencia machista,https://www.lne.es/rss/section/1616414/
La Nueva España - Delitos informáticos,https://www.lne.es/rss/section/1612172/
La Nueva España - Desaparecidos,https://www.lne.es/rss/section/1612171/
La Nueva España - Economía,https://www.lne.es/rss/section/3027/
La Nueva España - Asociaciones Profesionales,https://www.lne.es/rss/section/1517849/
La Nueva España - Empleo en Asturias,https://www.lne.es/rss/section/1527093/
La Nueva España - Empresas en Asturias,https://www.lne.es/rss/section/3042/
La Nueva España - Vivienda en Asturias,https://www.lne.es/rss/section/1527104/
La Nueva España - Deportes,https://www.lne.es/rss/section/3028/
La Nueva España - Deporte Astur,https://www.lne.es/rss/section/1250775/
La Nueva España - Deportes Opinión,https://www.lne.es/rss/section/3277/
La Nueva España - General,https://www.lne.es/rss/microsite/1800/
La Nueva España - Sociedad,https://www.lne.es/rss/section/3054/
La Nueva España - Medio Ambiente,https://www.lne.es/rss/section/1260393/
La Nueva España - Gente,https://www.lne.es/rss/section/3030/
La Nueva España - TV y Espectáculos,https://www.lne.es/rss/section/3088/
La Nueva España - Cultura,https://www.lne.es/rss/section/3035/
La Nueva España - Decoración,https://www.lne.es/rss/section/3008/
La Nueva España - Actualidad,https://www.lne.es/rss/section/3279/
La Nueva España - España,https://www.lne.es/rss/section/3025/
La Nueva España - Internacional,https://www.lne.es/rss/section/3026/
La Nueva España - Consumo,https://www.lne.es/rss/section/1644167/
La Nueva España - Vida y Estilo,https://www.lne.es/rss/section/2000/
La Nueva España - Salud,https://www.lne.es/rss/section/3009/
La Nueva España - Agenda,https://www.lne.es/rss/section/2014085/
La Nueva España - Videos,https://www.lne.es/rss/section/3093/
La Nueva España - Fotos,https://www.lne.es/rss/section/3143/
La Nueva España - N'asturianu,https://www.lne.es/rss/section/1279938/
La Nueva España - Ocio,https://www.lne.es/rss/section/1000/
La Nueva España - General,https://www.lne.es/rss/
La Nueva España - Programación Tv,https://www.lne.es/rss/section/3288/
La Nueva España - Andrés Menéndez,https://www.lne.es/rss/author/1650305/
La Nueva España - Nacho Azparren,https://www.lne.es/rss/author/3537/
La Nueva España - Joaquín Alonso,https://www.lne.es/rss/author/1722362/
La Nueva España - Sara Bernardo,https://www.lne.es/rss/author/2025525/
La Nueva España - Yago González,https://www.lne.es/rss/author/1774137/
La Nueva España - Marcos Palicio,https://www.lne.es/rss/author/3550/
La Nueva España - X. A. Taboada,https://www.lne.es/rss/author/2113894/
La Nueva España - Vicente Montes,https://www.lne.es/rss/author/3529/
La Nueva España - Félix Vallina,https://www.lne.es/rss/author/3528/
La Nueva España - Nico Martínez,https://www.lne.es/rss/author/1947877/
La Nueva España - Eduardo Lagar,https://www.lne.es/rss/author/3536/
La Nueva España - Sergio García,https://www.lne.es/rss/author/1848005/
La Nueva España - Rosalía Agudín,https://www.lne.es/rss/author/2081814/
La Nueva España - Noé Menéndez,https://www.lne.es/rss/author/1807288/
La Nueva España - María José Iglesias,https://www.lne.es/rss/author/3584/
La Nueva España - Antonio Lorca,https://www.lne.es/rss/author/3538/
La Nueva España - Alberto Menéndez,https://www.lne.es/rss/author/3568/
La Nueva España - Álvaro Faes,https://www.lne.es/rss/author/3518/
La Nueva España - Pablo Palomo,https://www.lne.es/rss/author/3588/
La Nueva España - Andrés Velasco,https://www.lne.es/rss/author/3544/
La Nueva España - Ramón Díaz,https://www.lne.es/rss/author/3586/
La Nueva España - Pablo González,https://www.lne.es/rss/author/3525/
La Nueva España - Ernesto Ekaizer,https://www.lne.es/rss/author/1669097/
La Nueva España - Jorge Dezcallar,https://www.lne.es/rss/author/1345957/
La Nueva España - Demelsa Álvarez,https://www.lne.es/rss/author/1290455/
La Nueva España - Javier Morán,https://www.lne.es/rss/author/3578/
La Nueva España - Editorial,https://www.lne.es/rss/author/1206766/
La Nueva España - Jesús Sanz Montes,https://www.lne.es/rss/author/1226550/
La Nueva España - Óscar R. Buznego,https://www.lne.es/rss/author/3599/
La Nueva España - Elena Fernández-Pello,https://www.lne.es/rss/author/3523/
La Nueva España - Manuel Mostaza Barrios,https://www.lne.es/rss/author/2113630/
La Nueva España - Juan Vázquez,https://www.lne.es/rss/author/1783448/
La Nueva España - Santiago Lago Peñas,https://www.lne.es/rss/author/2113491/
La Nueva España - Pablo Gallén,https://www.lne.es/rss/author/2004427/
La Nueva España - David Page,https://www.lne.es/rss/author/1966552/
La Nueva España - Sandra F. Lombardía,https://www.lne.es/rss/author/3593/
La Nueva España - Marián Martínez,https://www.lne.es/rss/author/3531/
La Nueva España - Myriam Mancisidor,https://www.lne.es/rss/author/3513/
La Nueva España - Christian García,https://www.lne.es/rss/author/1930968/
La Nueva España - Joan Lluís Ferrer,https://www.lne.es/rss/author/1685449/
La Nueva España - EDUARDO MARTÍNEZ DE LA FE/T21,https://www.lne.es/rss/author/2095811/
La Nueva España - David Montañés,https://www.lne.es/rss/author/3552/
La Nueva España - Luján Palacios,https://www.lne.es/rss/author/3553/
La Nueva España - Luis Rivaya,https://www.lne.es/rss/author/1762878/
La Nueva España - Tina Villar,https://www.lne.es/rss/author/1873445/
La Nueva España - Carla Vega,https://www.lne.es/rss/author/1993626/
La Nueva España - T. Cascudo,https://www.lne.es/rss/author/1307422/
La Nueva España - Humor,https://www.lne.es/rss/section/3032/
La Nueva España - Mariola Riera,https://www.lne.es/rss/author/3567/
La Nueva España - Tino Pertierra,https://www.lne.es/rss/author/3539/
La Nueva España - Pablo Castaño,https://www.lne.es/rss/author/3504/
La Nueva España - Benito Domínguez,https://www.lne.es/rss/author/1784785/
La Nueva España - Tendencias 21,https://www.lne.es/rss/section/3287/
La Nueva España - Guías de Salud,https://www.lne.es/rss/section/1693758/
La Nueva España - Asturianos,https://www.lne.es/rss/section/1707197/
La Nueva España - La vida buena,https://www.lne.es/rss/section/3280/
La Nueva España - Más domingo,https://www.lne.es/rss/section/3086/
La Nueva España - Lluis Nel Estrada,https://www.lne.es/rss/author/2089080/
La Nueva España - Virginia Casielles,https://www.lne.es/rss/author/2085611/
La Nueva España - Asturians under American Flag,https://www.lne.es/rss/author/2061176/
La Nueva España - Chus Neira,https://www.lne.es/rss/author/3559/
La Nueva España - Miguel Ángel Gullón Pérez,https://www.lne.es/rss/author/2104822/
La Nueva España - José Manuel Prieto Fernández del Viso,https://www.lne.es/rss/author/2047915/
La Nueva España - Manuel J. García Rodríguez,https://www.lne.es/rss/author/1689935/
La Nueva España - Inmaculada González-Carbajal García,https://www.lne.es/rss/author/1240720/
La Nueva España - Asturias Exterior,https://www.lne.es/rss/section/2047341/
La Nueva España - Alicia García-Ovies,https://www.lne.es/rss/author/1778894/
La Nueva España - Marta Ortiz,https://www.lne.es/rss/author/2107857/
La Nueva España - Elena Casero,https://www.lne.es/rss/author/1946237/
La Nueva España - Canal Parlamento,https://www.lne.es/rss/section/1674512/
La Nueva España - Asturias,https://www.lne.es/rss/section/3165/
La Nueva España - Asturias,https://www.lne.es/rss/section/3116/
La Nueva España - Saúl Fernández,https://www.lne.es/rss/author/3516/
La Nueva España - Municipios,https://www.lne.es/rss/geo/10000/
La Nueva España - J. M. Carbajal,https://www.lne.es/rss/author/1707072/
La Nueva España - Sara Moro,https://www.lne.es/rss/author/2041707/
La Nueva España - Juan A. Ardura,https://www.lne.es/rss/author/3533/
La Nueva España - Centro Opinión,https://www.lne.es/rss/section/3278/
La Nueva España - Leocadio Redondo Espina,https://www.lne.es/rss/author/1214616/
La Nueva España - Siero Opinión,https://www.lne.es/rss/section/1566099/
La Nueva España - Vicente A. Montes Álvarez,https://www.lne.es/rss/author/1242246/
La Nueva España - José Antonio Noval Cueto,https://www.lne.es/rss/author/1225116/
La Nueva España - Luis Ángel Vega,https://www.lne.es/rss/author/3532/
La Nueva España - Ricardo Junquera,https://www.lne.es/rss/author/1678792/
La Nueva España - Paula Tamargo,https://www.lne.es/rss/author/1307421/
La Nueva España - Siero,https://www.lne.es/rss/section/1566106/
La Nueva España - Siero,https://www.lne.es/rss/section/1566105/
La Nueva España - Asturianos,https://www.lne.es/rss/section/1710586/
La Nueva España - Llanera,https://www.lne.es/rss/section/1687415/
La Nueva España - Llanera,https://www.lne.es/rss/section/1774261/
La Nueva España - Llanera,https://www.lne.es/rss/section/1687414/
La Nueva España - Amor Domínguez,https://www.lne.es/rss/author/3561/
La Nueva España - Villaviciosa Opinión,https://www.lne.es/rss/section/1761308/
La Nueva España - Pilar Tuero,https://www.lne.es/rss/author/1777858/
La Nueva España - Villaviciosa,https://www.lne.es/rss/section/1730973/
La Nueva España - Villaviciosa,https://www.lne.es/rss/section/1761723/
La Nueva España - Villaviciosa,https://www.lne.es/rss/section/1761724/
La Nueva España - Vicente Alonso,https://www.lne.es/rss/author/1782171/
La Nueva España - José Luis Rodríguez Mera,https://www.lne.es/rss/author/2100558/
La Nueva España - María Elena Martínez Martínez,https://www.lne.es/rss/author/2104738/
La Nueva España - Lucas Blanco,https://www.lne.es/rss/author/3590/
La Nueva España - Grado Opinión,https://www.lne.es/rss/section/1928062/
La Nueva España - Pablo Álvarez,https://www.lne.es/rss/author/3522/
La Nueva España - Macarena López,https://www.lne.es/rss/author/2073434/
La Nueva España - David Valiela,https://www.lne.es/rss/author/1946071/
La Nueva España - Ángel de la Fuente,https://www.lne.es/rss/author/1226546/
La Nueva España - Ana M. Serrano,https://www.lne.es/rss/author/1279706/
La Nueva España - Francisco L. Jiménez,https://www.lne.es/rss/author/3507/
La Nueva España - Sara Arias,https://www.lne.es/rss/author/1276309/
La Nueva España - José A. Ordóñez,https://www.lne.es/rss/author/3530/
La Nueva España - Jonathan Mallada Álvarez,https://www.lne.es/rss/author/1322180/
